<?xml version="1.0"?>
<Update>
    <Devices>
        <Device id="1">
            <Hosts>
                <Host>192.168.101.204</Host>
            </Hosts>
            <User>root</User>
            <Password>
                <Encryption>1</Encryption>
                <FirstPwdStr>c8992910b9c5d6813aafd6b341cf219a</FirstPwdStr>
                <SecondPwdStr>28d1b5cab62ec1c8a98feb8755d43e0c</SecondPwdStr>
            </Password>
            <Transport>scp</Transport>
            <Operation>
	<Do id="1" mode="cmd" cmd="rm  -rf /usrdata/factory_test;rm  -rf /usrdata/patch.zip;rm -rf /usrdata/patch;rm -rf /usrdata/patch_usa_20220131_v001.zip;rm -rf /usrdata/patch_usa_20220131_v001 " 
                    assert="test -e /etc/devuaid.d" />
	<Do id="2" mode="upload" src="update/patch.zip" dst="/usrdata/patch.zip"
                    assert="test -e /usrdata/patch.zip"/>
	<Do id="3" mode="cmd" cmd="cd /usrdata/ &amp;&amp; unzip -o patch.zip" 
                    assert="test -e /usrdata/patch/install.sh &amp;&amp;chmod +x /usrdata/patch/install.sh" />
	
	<Do id="4" mode="cmd" cmd="cd /usrdata/patch/ &amp;&amp;dos2unix install.sh &amp;&amp;chmod +x ./install.sh &amp;&amp;  ./install.sh" 
                    assert="test -e /etc/factory.mode" />
                <!-- defined eg.
                <Do id="1" mode="cmd" cmd="cp -f /opt/agent/ModuleConfig.xml /opt/agent/ModuleConfig.xml.bak"
                    assert="test -e /opt/agent/ModuleConfig.xml.bak"/>
                <Do id="1" mode="upload" src="update/patch_usa_20220131_v001.zip" dst="/usrdata/patch_usa_20220131_v001.zip"
                    assert="test -e /usrdata/patch_usa_20220131_v001.zip"/>
                -->
                <!--
                    <Do id="2" mode="choose" goto="files" src="update/devuaids/">
                    <Goto case="files" mode="upload" dst="/tmp/" filename="filename:devuaid.d" assert="local:delete"/>
                    <Goto case="files" mode="upload" dst="/etc/" filename="filename:devuaid.d" assert="remote:test -e" />
                    <Goto case="files:demo1.txt" mode="upload" dst="/opt/" assert="remote:test -e"/>
                    <Goto case="files:demo2.txt" mode="upload" dst="/opt/" assert="remote:test -e"/>
                </Do>
                -->
    <Do id="5" mode="cmd" cmd="rm  -rf /usrdata/patch.zip;rm -rf /usrdata/patch;rm -rf /usrdata/patch_usa_20220131_v001.zip;rm -rf /usrdata/patch_usa_20220131_v001 " 
                    assert="test -e /etc/devuaid.d" />
            </Operation>
        </Device>
    </Devices>
</Update>